Survey Version,Please rank your top 3 reasons for using MovieLens,,,,,,If you selected other above  please describe your reason here:,Please rank your top 3 reasons to rate movies,,,,,,,,,If you selected other above  please describe your reason here:,If you were to rate MovieLens as you would rate a movie  considering both the work you put in and the benefits that you receive  what rating would you give it?,For this next question  we'd like you to compare your experiences as a brand new MovieLens user  when you had only rated 15 or so movies  to your experiences using the system now.    Please indicate whether you agree or disagree with the following statements:,,,,,,Note: The following question asks you to assign monetary values to MovieLens services. This question is hypothetical - we have no intention of ever charging MovieLens users for the services that we provide.    If you lived in a world where there were no free movie review web sites...    ,,,,,Please indicate how frequently you do the following things:,,,,,,,,Please indicate whether you agree or disagree with the following statements:,,,,,,,,,,
(we administered two versions of the survey to control for question ordering),I like to rate movies.,I like to view movie recommendations.,I like to see what other people think of movies I like.,I like to share my opinions.,I like to search for movies.,Other (see below).,,I rate movies because I think it is fun.,I rate movies to voice my opinion to the community.,I rate movies to improve my recommendations.,I rate movies to remove movies that I don't want to see from my screen.,I rate movies to help others get more accurate recommendations.,I rate movies to help the MovieLens system itself.,I rate movies to have influence over the movies that are recommended to others.,I rate movies to keep a personal list of which movies that I have seen.,Other (see below).,,Response,Rating movies requires more time now than it did when I was a new user.,The recommendations that I receive from MovieLens are now more valuable to me than when I was a new user.,When I was a new user  the recommendations that I received from MovieLens improved when I rated more movies.,These days  the recommendations that I receive from MovieLens improve when I rate more movies.,These days  it takes more ratings to improve the quality of my movie recommendations than it did when I was a new user.,I receive more overall enjoyment from using MovieLens now compared to when I was a new user.,How much money would you pay for one year of MovieLens access? (in U.S. $),How much money would you pay for a list of the top ten movies that MovieLens thinks you would like to see? (in U.S. $),How much money would we have to pay you to spend one hour rating movies? (in U.S. $),How much money would we have to pay you to rate ten movies? (in U.S. $),How much time do you think it would take you to rate ten movies? (in minutes),How often do you use MovieLens?,How often do you use MovieLens to pick movies to watch?,How often do you use MovieLens to rate movies you've just seen?,How often do you use MovieLens to browse movies for fun?,How often do you use MovieLens to find movies that you will research elsewhere before watching?,How often do you use MovieLens to search for a particular movie?,How often do you only look at the first screen of your movie recommendations?,How often do you look at five or more screens of your movie recommendations?,The movie recommendations that I receive from MovieLens are usually accurate.,When a user rates movies  it improves the quality of movie recommendations for other users.,Rating movies is fun.,MovieLens works because it has a strong community of users.,If a user rates more movies  then that user will receive better recommendations.,I want to get the most accurate movie recommendations possible from MovieLens.,I am glad that my ratings help the MovieLens community in general.,I like to express my opinions about movies in MovieLens.,I hope that other users rate lots of movies.,I write movie reviews on other web sites.,I rate movies to help the MovieLens research project.
1,2,3,0,1,0,0,,2,0,1,0,0,0,0,3,0,,4,4,4,1,3,2,3,10,5,5,5,3,1,1,2,1,1,2,2,1,1,1,1,1,1,1,1,1,1,2,2
1,1,0,2,0,0,3,The site is fantastic for keeping a database of what movies I've seen  which ones I haven't  which I've liked  etc.  Extremely useful!,0,0,2,0,0,3,0,1,0,,4,3,2,2,3,3,2,20,5,5,2-Jan,10-May,2,3,2,2,2,2,3,2,1,1,1,1,1,1,1,1,1,1,1
0,1,0,3,2,0,0,,3,0,0,0,0,2,0,1,0,,4,5,3,2,2,3,3,0,0,5,0,2,2,3,2,2,3,2,3,3,1,1,1,1,1,1,1,2,1,2,1
1,3,1,2,0,0,0,,0,0,1,0,3,0,0,2,0,,4,4,1,2,2,3,2,15,3,5,1,2,2,3,2,4,3,3,4,2,1,1,1,3,1,1,1,3,1,3,3
0,0,1,0,0,2,0,,0,0,1,2,0,3,0,0,0,,4,3,2,2,2,2,3,2,0.5,5,1,2,2,2,2,2,3,2,2,3,1,1,1,3,1,1,1,2,1,2,2
0,1,3,2,0,0,0,,3,0,1,0,0,0,0,2,0,,4,4,2,2,3,1,2,20,0,15,0,10,2,2,2,4,4,4,3,3,1,1,1,1,1,1,1,1,1,2,1
1,1,2,0,0,3,0,,1,0,0,0,3,0,0,2,0,,4,4,2,2,2,3,3,,,,,,0,0,0,0,0,0,0,0,0,0,0,0,0,0,0,0,0,0,0
0,0,2,0,0,3,1,I debated between this and #2.  What I,0,0,2,0,3,1,0,0,0,,4,3,2,2,2,2,3,20,5,0,0,10,2,2,2,3,4,3,2,4,1,1,1,1,1,1,1,1,1,2,1
1,0,0,2,3,0,1,I want to be steered away from movies I won,0,0,0,2,0,3,0,0,1,I rate movies so I can see a more accurate prediction of how well I will like movies I haven't seen.,4,4,2,2,2,4,3,0,0,3,1,5,2,2,2,2,2,3,2,3,1,1,2,3,1,1,1,3,1,2,1
0,0,2,3,0,1,0,,1,0,2,0,0,3,0,0,0,,4.5,5,1,1,2,2,3,10,5,5,1,2,2,2,2,1,2,2,4,2,1,1,1,3,1,1,1,1,2,2,1
0,2,1,0,0,3,0,,0,2,1,0,3,0,0,0,0,,3.5,4,2,3,3,3,2,0,2,20,4,5,3,3,2,3,3,3,4,4,1,3,1,1,1,1,1,1,1,2,1
1,1,2,0,3,0,0,,0,0,3,0,2,1,0,0,0,,4.5,5,1,1,1,4,1,25,0,0,0,5,2,3,2,2,4,2,3,4,1,1,1,1,1,1,1,1,1,2,1
1,1,0,3,2,0,0,,0,0,0,3,2,0,0,1,0,,3.5,4,2,1,3,3,2,10,0,0,0,3,2,3,2,3,2,2,4,3,1,1,1,1,1,1,1,1,1,2,1
0,0,1,3,0,2,0,,0,0,2,0,0,3,0,1,0,,4.5,4,2,2,4,2,3,0,0,0,0,5,2,3,2,3,2,2,4,3,1,1,1,1,1,1,1,3,3,2,1
0,0,0,0,0,0,0,Your JavaScript is not working here with Mozilla,0,0,0,0,0,0,0,0,0,Your JavaScript is not working here,2.5,0,0,0,0,0,0,0,0,12,2,5,0,0,0,0,0,0,0,0,0,0,0,0,0,0,0,0,0,0,0
1,2,1,0,0,0,0,,2,0,1,0,0,0,0,3,0,,5,5,1,3,1,4,2,10,10,5,0,10,2,2,2,2,1,2,3,2,1,1,1,3,1,1,1,1,3,2,1
0,3,1,0,0,0,2,,2,0,1,0,0,0,0,0,3,,4,4,2,2,2,3,3,10,0,5,1,15,2,3,2,3,3,3,2,2,1,1,1,1,1,1,1,1,1,1,1
0,2,1,0,0,3,0,,0,0,1,0,0,2,0,3,0,,5,5,1,1,3,3,1,0,0,0,0,2,1,2,2,3,2,2,4,2,0,0,0,0,0,0,0,0,0,0,0
1,1,3,0,0,2,0,,3,0,0,2,0,0,0,1,0,,5,4,3,2,2,4,2,0,0,0,0,0,2,3,2,2,3,1,4,2,1,1,1,1,1,1,1,1,1,2,1
1,0,1,0,0,2,0,,0,0,1,0,0,0,0,0,0,,3.5,3,3,3,3,3,3,0,0,free use of movielens,free use of movielens,8 minutes,1,1,4,4,1,2,1,1,1,3,3,3,3,1,1,3,1,1,2
0,2,3,0,0,0,1,MovieLens predictions are very accurate,0,0,1,0,2,3,0,0,0,,5,5,1,1,4,2,2,25,2,0,0,3,1,1,1,2,4,2,4,2,1,1,1,1,1,1,1,2,1,2,1
1,3,1,0,0,2,0,,0,0,2,0,0,3,0,1,0,,4.5,5,1,2,2,2,1,0,0,30,2,2,1,2,1,2,1,2,1,3,1,1,1,1,1,1,1,1,1,2,1
0,3,2,0,0,1,0,,3,0,1,0,0,0,0,2,0,,4,2,4,2,4,2,4,5,0,5,0,45,2,2,3,3,3,4,4,2,1,3,1,1,3,1,3,2,3,2,1
0,0,3,0,0,2,1,I enjoy getting movie recommendations for surprising movies that I would not normally choose to see myself  usually because they are outside of the genres/actors/directors I normally like.  ,0,0,1,0,2,3,0,0,0,,4,5,3,1,4,2,4,2,0,20,20,10,3,3,2,3,2,3,2,3,1,1,1,1,1,1,1,1,1,2,1
1,0,1,0,0,0,0,,0,0,3,0,1,2,0,0,0,,4.5,1,3,2,2,2,3,2,1,0,1,2,2,3,2,3,3,2,4,3,1,1,1,1,1,1,1,3,1,3,1
0,2,1,0,0,3,0,,3,0,1,0,0,0,2,0,0,,4.5,4,1,1,2,1,4,10,3,10,2,7,1,3,1,3,3,1,3,3,1,1,1,1,1,1,3,3,1,2,1
1,1,2,0,0,0,3,I like to keep track of which movies I've seen,1,0,3,0,0,0,0,2,0,,3.5,5,4,3,3,3,3,0,0,1,0.5,2,2,3,2,2,3,3,4,3,1,1,1,2,1,1,1,3,1,2,1
1,1,3,0,2,0,0,,2,3,0,0,0,0,0,1,0,,4.5,5,1,2,4,1,4,5,5,20,5,1,1,2,1,1,2,3,2,2,3,3,1,3,1,1,1,1,1,1,3
0,0,1,0,0,2,0,,0,0,1,0,0,2,0,3,0,,4.5,5,1,1,3,1,3,10,0,10,0,10,1,2,2,2,3,1,3,3,1,1,1,1,1,1,1,1,1,2,2
0,1,2,3,0,0,0,,0,0,3,0,2,0,0,1,0,,4.5,3,1,2,3,2,1,20,0,10,5,2,1,2,1,1,2,2,3,1,1,1,1,1,1,1,1,1,1,2,1
0,1,2,3,0,0,0,,2,0,1,3,0,0,0,0,0,,4,4,2,1,2,3,3,5,1,10,5,8,3,3,3,4,3,3,4,4,1,1,1,3,1,1,1,3,1,2,2
0,2,1,0,0,3,0,,0,0,1,0,0,0,0,0,0,,5,5,1,1,2,3,1,10,0,10,2,3,2,2,2,4,2,2,2,4,1,3,1,3,1,1,1,0,1,2,2
0,3,2,0,0,0,1,I like to see if MoviesLens thinks I will like a movie I'm thnking of seeing,3,0,1,0,0,2,0,0,0,,5,5,2,1,3,3,2,70,10,0,0,6,2,2,3,2,4,2,4,3,1,1,1,1,1,1,1,2,1,2,1
0,1,2,3,0,0,0,,2,0,0,0,0,3,0,1,0,,4,4,3,2,3,3,4,10,,,,,2,4,2,3,3,2,2,3,1,1,1,3,1,2,1,1,1,2,1
0,1,2,0,0,0,3,I like the Buddy Search option.,1,0,2,0,0,0,0,3,0,,4.5,2,2,1,2,1,1,10,1,0.3,0,3,1,2,1,1,1,1,4,1,1,3,1,3,1,1,1,1,1,2,1
1,2,1,3,0,0,0,,0,2,0,0,1,0,3,0,0,,4,4,2,2,3,4,2,0,0,0,0,10,2,2,2,2,2,1,3,2,1,1,1,1,1,1,1,1,1,2,1
0,2,1,0,0,3,0,,1,0,0,0,0,3,0,2,0,,4,4,2,1,3,1,3,2 5,0 1,0,0,2,2,2,2,3,4,4,4,3,1,1,1,1,1,1,1,1,1,2,1
0,3,1,0,0,2,0,,3,0,1,0,0,0,0,2,0,,4,1,1,1,2,1,2,$10.00 ,$0.00 ,$50.00 ,$10.00 ,5 minutes,1,1,1,3,2,2,4,2,1,1,1,1,1,1,1,1,1,2,1
1,0,2,0,0,1,0,,0,0,1,0,0,0,0,0,0,,4.5,2,1,2,2,2,2,40,5,40,10,15,2,2,2,3,2,2,3,3,1,1,3,1,1,1,3,2,1,2,2
1,1,3,2,0,0,0,,3,0,0,0,2,0,0,1,0,,4,4,3,2,3,2,3,60,15,5,2,20,2,2,2,3,3,3,3,3,1,1,1,1,1,1,1,1,1,2,3
0,0,1,0,0,0,0,,0,0,1,0,2,3,0,0,0,,4.5,5,5,1,3,3,3,$25 ,ambiguous question,50,10,5,1,2,2,4,2,2,4,4,1,1,3,1,1,1,1,2,1,2,1
1,1,3,0,0,2,0,,3,0,0,0,0,0,2,1,0,,4.5,4,1,3,3,3,2,10,2.5,0,0,3,2,2,2,3,3,3,3,3,1,1,1,1,1,1,1,1,1,2,1
1,3,1,0,0,2,0,,2,0,1,0,0,3,0,0,0,,4.5,4,2,1,2,4,1,10,5,0,0,1,2,2,3,3,4,2,4,3,1,3,1,3,1,1,1,1,3,2,1
0,2,1,3,0,0,0,,3,0,2,0,0,0,0,1,0,,4,5,2,2,4,2,2,12,0,5,1,4,1,1,1,2,2,1,2,3,1,1,1,1,1,1,1,3,1,2,1
1,0,1,0,3,2,0,,2,0,1,0,3,0,0,0,0,,4,4,2,1,3,3,2,0,0,0,0,1,1,2,2,2,2,2,2,3,1,1,1,1,3,1,1,1,1,2,1
1,3,1,0,0,2,0,,3,0,1,0,0,2,0,0,0,,4,4,1,2,2,2,2,25,1,15,5,20,1,1,1,2,1,1,3,1,1,1,1,1,1,1,1,1,1,2,1
1,3,1,0,0,2,0,,0,0,1,0,0,3,0,2,0,,4.5,4,2,1,2,3,3,20,5,0,0,20,3,3,4,3,4,3,4,3,1,1,1,3,1,1,3,2,1,2,1
1,3,1,0,0,2,0,,0,0,1,0,0,2,0,3,0,,4,4,2,3,3,3,2,,,,,,2,3,2,2,4,0,4,3,1,1,1,3,1,1,1,1,1,2,3
0,0,1,0,2,0,3,I like to discover movies liked by people with similar tastes to mine.,0,0,2,0,3,1,0,0,0,,4.5,3,2,2,2,3,2,30,5,5,50,1500,2,3,2,2,2,2,4,2,1,1,1,3,1,1,1,1,1,2,1
1,1,0,0,0,0,0,,0,0,0,0,0,0,0,0,0,,,0,0,0,0,0,0,,,,,,0,0,0,0,0,0,0,0,0,0,0,0,0,0,0,0,0,0,0
0,2,1,0,0,3,0,,2,0,1,0,3,0,0,0,0,,5,5,2,2,3,2,2,20,1,0,0,5,1,1,1,1,2,1,3,2,1,1,1,1,1,1,1,2,1,2,1
1,1,2,0,3,0,0,,3,0,2,0,0,0,0,1,0,,4,2,1,1,1,1,1,0,0,0,0,3,1,4,1,4,3,4,4,4,1,1,1,1,1,1,1,1,1,2,1
1,3,1,0,0,2,0,,0,0,1,0,0,0,3,2,0,,4.5,4,1,2,4,3,2,20,2,5,1,5,2,3,2,2,3,2,2,3,1,3,1,1,1,1,1,1,1,2,1
1,2,3,0,0,0,1,Study my movie preferences,0,0,0,0,0,3,0,2,1,Study my movie preferences,3.5,5,4,1,4,3,3,10,0,100,0,15,2,3,1,3,4,4,4,4,1,1,1,3,1,1,1,1,1,2,1
0,1,2,3,0,0,0,,0,1,2,0,3,0,0,0,0,,4,4,2,2,3,3,3,,,,,,2,3,2,2,3,3,4,3,1,1,1,1,1,1,1,1,1,2,1
1,2,1,3,0,0,0,,3,0,0,0,0,2,0,1,0,,4,5,3,2,2,4,3,10,0,10,1,5,2,3,2,3,3,2,3,3,1,1,1,1,1,1,1,1,1,2,1
0,0,1,2,0,3,0,,0,0,2,0,0,1,0,0,3,Just a note: I rate movies so that the MovieLens system gets helped & so that _anyones_ recommendations are improved  that includes others as well as myself.,4.5,2,1,1,2,2,3,10,0,10,0,5,2,2,2,1,3,2,4,2,1,1,1,1,1,1,1,2,1,2,1
0,0,1,0,0,2,0,,0,0,1,0,0,2,0,0,0,,4,5,2,2,4,3,3,10,0,15,1,2,2,2,2,4,4,3,2,3,1,1,3,1,2,1,1,3,1,3,1
0,1,2,0,0,0,0,,0,0,0,0,1,2,0,3,0,,3.5,4,2,2,2,2,3,0,0,0,0,5,2,2,2,2,2,2,4,2,3,1,1,1,1,1,1,1,1,2,1
0,3,1,0,0,2,0,,3,0,2,0,0,0,0,1,0,,4.5,3,2,1,1,2,2,0,0,0,0,5,3,3,3,3,3,3,3,3,1,1,1,3,1,1,1,1,1,1,3
1,1,2,0,3,0,0,,3,0,1,0,0,2,0,0,0,,4,1,2,2,3,3,4,12,0.1,6,2,20,2,2,2,3,3,3,4,2,1,3,1,3,1,1,1,1,1,2,1
1,0,2,0,3,1,0,,0,0,2,0,3,0,0,1,0,,4,5,2,1,3,2,3,0,0,0,0,15,2,3,2,3,2,3,4,3,1,1,1,1,2,1,1,3,1,2,1
0,2,1,3,0,0,0,,2,0,1,0,0,0,0,3,0,,4.5,3,3,2,2,3,3,2,0,10,0,2,2,3,2,2,2,4,3,2,1,1,1,1,1,1,1,1,1,1,1
0,1,2,0,0,0,0,,1,0,2,0,3,0,0,0,0,,4.5,4,2,3,3,3,1,15,0,0,0,2,1,2,1,3,3,2,4,3,1,1,1,1,1,1,1,1,1,2,1
0,2,1,3,0,0,0,,0,3,1,0,2,0,0,0,0,,4,1,2,2,4,1,3,5,5,1,0,20,2,2,2,3,3,4,3,3,1,1,1,1,1,1,1,1,1,2,1
1,2,1,0,3,0,0,,3,0,1,0,0,0,0,2,0,,4,4,1,2,2,2,2,5,0,0,0,2,1,2,1,1,2,1,2,1,1,1,1,1,1,1,1,1,1,1,3
1,0,1,0,2,3,0,,2,0,1,0,0,0,0,3,0,,3.5,4,2,1,2,3,1,19,4.99,7,2,6-Mar,1,2,1,2,3,1,4,1,1,1,1,3,1,1,1,3,1,2,1
1,3,1,0,0,2,0,,0,0,1,0,0,3,0,2,0,,4.5,1,1,1,1,1,1,19.95,1,2,0.2,7,2,3,1,3,3,2,2,2,1,1,1,1,1,1,1,1,1,2,1
1,1,2,3,0,0,0,,0,0,3,0,0,2,0,1,0,,5,4,2,3,2,1,2,0,0,0,0,3,3,3,3,2,1,3,2,3,1,1,1,1,1,1,1,1,1,2,1
1,3,2,1,0,0,0,,0,0,1,0,2,0,3,0,0,,3.5,5,3,2,4,3,4,0,0,20,5,5,2,2,2,3,4,2,3,4,1,1,1,3,1,1,1,1,1,2,1
0,1,2,0,0,3,0,,1,0,2,0,0,3,0,0,0,,3.5,5,2,2,3,3,2,7,2,5.75,175,10,2,4,2,2,3,2,3,4,2,3,1,2,3,1,1,2,1,2,1
1,3,2,0,0,1,0,,3,0,2,0,1,0,0,0,0,,5,5,3,1,2,2,1,5,2,25,10,10,2,2,3,2,2,3,2,3,1,1,1,0,1,1,1,1,1,2,2
1,0,2,1,3,0,0,,0,1,0,0,0,3,0,2,0,,4.5,4,2,1,3,2,1,20,5,0,0,15,2,2,2,2,2,2,2,2,1,1,1,1,1,1,1,1,1,2,1
0,1,3,0,0,2,0,,0,0,1,0,3,0,0,2,0,,4,4,2,2,2,4,2,0,0,0,0,10,2,3,2,2,2,2,2,2,1,1,1,1,1,1,1,1,1,2,1
0,1,3,0,2,0,0,,1,3,0,0,0,2,0,0,0,,4,4,3,4,3,3,2,20,1,3,1,20,1,2,1,2,3,3,2,2,1,3,1,1,1,3,1,1,3,2,1
1,0,1,3,2,0,0,,0,2,1,0,0,0,0,3,0,,3.5,2,4,3,4,1,4,8,2,10,2,10,2,2,2,2,2,2,2,2,2,3,1,3,3,1,1,1,3,2,1
0,0,2,0,3,1,0,,0,3,1,0,2,0,0,0,0,,4.5,2,3,2,4,3,2,5,0,10,0,5,1,2,1,2,2,1,2,3,1,3,1,1,3,1,1,1,1,2,1
1,3,2,0,0,1,0,,0,0,1,0,0,0,0,0,0,,5,4,2,2,3,4,3,0.2,0.2,20,5,5,2,2,2,2,2,1,4,4,1,1,1,3,1,1,1,1,1,2,1
1,0,1,3,0,2,0,,3,0,1,0,0,0,0,2,0,,4.5,5,2,1,2,1,2,19.99,0,0,0,1,2,2,2,2,2,2,2,3,1,1,1,1,1,1,1,1,1,1,1
1,2,1,0,0,3,0,,2,0,1,0,0,3,0,0,0,,4,4,2,2,3,3,2,15,10,10,0,5,2,2,2,3,3,2,2,2,1,1,1,3,1,1,1,1,1,2,1
1,2,0,0,3,1,0,,3,0,1,0,0,2,0,0,0,,4,2,1,2,2,4,2,30,1,1,0.05,5,2,2,2,2,2,2,2,3,1,1,1,1,1,1,1,1,1,2,3
1,0,0,0,0,0,0,,0,0,0,0,0,0,0,0,0,,,0,0,0,0,0,0,,,,,,0,0,0,0,0,0,0,0,0,0,0,0,0,0,0,0,0,0,0
0,1,2,0,3,0,0,,1,0,0,0,2,3,0,0,0,,4.5,5,1,1,2,2,3,20,1,10,10,10,2,2,2,3,4,3,4,3,1,1,1,3,1,1,1,1,1,2,1
0,1,2,3,0,0,0,,1,0,0,0,2,3,0,0,0,,4,5,2,1,2,2,2,Not sure  but wouldn't use if commercial site.,Nothing.,I don't know.  Are you offering to hire me or looking for volunteers?,I don't know.,One hour?,1,3,1,1,3,2,1,3,1,1,1,3,1,1,1,3,1,2,1
0,0,1,0,3,2,0,,2,0,1,0,0,0,3,0,0,,4,4,3,2,4,3,3,0,0,10,5,15,2,2,2,2,2,2,3,4,2,1,1,1,1,1,1,3,1,2,1
0,2,3,1,0,0,0,,1,0,2,3,0,0,0,0,0,,4,3,2,2,3,2,2,0,0,0,0,10,2,3,2,2,2,3,4,2,1,1,1,1,1,1,1,2,1,1,2
1,2,1,0,0,3,0,,0,0,1,2,0,3,0,0,0,,4.5,5,2,1,3,2,3,$20 ,$5 ,$20 ,$5 ,5,2,2,2,3,4,2,4,3,1,1,1,1,1,1,1,1,1,2,1
0,1,2,3,0,0,0,,2,0,0,0,0,0,3,1,0,,5,3,1,1,3,4,3,10,1,0,0,3,2,3,2,3,3,3,2,2,1,1,1,1,1,1,1,1,1,2,1
0,1,0,0,3,2,0,,0,0,0,0,0,3,2,1,0,,3.5,4,1,3,2,2,2,0,0,0,0,2,2,3,2,3,3,2,3,3,1,1,1,1,1,3,1,1,1,2,3
0,2,3,0,0,1,0,,1,0,3,0,0,0,0,2,0,,4,4,2,2,3,2,4,0,0,10,1,2,1,2,2,3,2,2,3,2,1,1,1,1,1,1,1,1,1,2,1
0,2,1,3,0,0,0,,2,0,1,0,0,3,0,0,0,,4,4,1,1,2,1,4,50,10,20,10,5,2,3,2,3,2,2,4,3,1,1,1,1,1,1,1,3,1,3,1
0,2,1,0,0,3,0,,2,0,1,0,0,3,0,0,0,,4,4,3,2,3,2,3,25,0,0,0,2,2,2,2,2,2,2,4,3,1,1,1,1,1,1,1,1,1,2,1
0,1,2,0,3,0,0,,1,0,2,0,3,0,0,0,0,,4,5,2,2,3,2,4,0,0,0,0,5,2,3,2,2,2,2,3,3,1,1,1,1,1,1,1,1,1,2,2
1,1,2,3,0,0,0,,3,0,0,0,2,0,0,1,0,,4.5,3,3,3,3,3,2,,0,0,0,10,2,3,2,2,3,2,2,2,3,1,1,1,1,1,1,1,1,2,3
0,3,1,0,0,2,0,,0,0,1,0,0,0,0,0,0,,4,4,2,2,3,2,3,10,1,5,1,3,2,3,2,1,2,2,3,3,1,1,1,1,1,1,1,1,1,2,1
0,0,1,0,3,2,0,,0,3,1,0,0,2,0,0,0,,4,4,2,1,3,3,2,15,2,10,1,5,2,2,2,2,2,2,4,2,1,1,1,1,1,1,1,3,1,2,1
0,1,2,0,0,3,0,,1,0,2,0,0,0,0,0,0,,5,4,1,3,3,4,2,35,0,25,0,5,2,3,2,2,3,2,4,4,1,1,1,1,1,1,1,1,1,2,2
1,1,2,0,3,0,0,,1,0,2,0,0,3,0,0,0,,4,3,1,2,3,3,2,25,10,0,0,2,1,2,2,1,2,2,4,2,1,1,1,1,1,1,1,1,1,2,1
0,2,1,0,0,3,0,,3,0,1,0,0,0,0,2,0,,4,4,2,2,3,3,3,5,0,10,5,5,3,3,3,3,3,3,4,4,1,1,1,3,1,1,1,1,3,2,1
0,2,1,0,0,3,0,,2,0,1,0,0,0,0,3,0,,4.5,5,1,2,2,3,1,0,0,0,0,2,2,3,2,4,2,2,3,2,1,1,1,3,1,1,1,2,1,2,1
0,1,2,0,0,0,3,I like to keep track of movies that I am interested in seening,1,0,0,0,0,0,0,2,0,,4,3,2,1,2,2,3,$20 ,$5 ,$0 ,$0 ,15,1,2,1,1,1,2,3,1,3,3,1,3,1,1,1,1,1,1,1
0,2,1,0,0,3,0,,0,0,1,0,0,0,0,2,0,,4,4,2,2,2,3,3,10,5,5,0,2,1,2,1,2,2,2,2,2,1,3,1,3,1,1,1,1,1,2,2
1,3,2,0,0,1,0,,0,0,2,0,0,3,0,1,0,,4.5,2,2,2,2,2,1,10,0,5,5,10,2,2,2,2,4,3,3,2,1,3,1,1,1,1,3,3,3,2,1
0,0,2,3,0,1,0,,0,0,1,0,0,2,0,0,0,,4.5,4,2,2,4,3,3,5,1,10,1,1,2,2,2,3,4,3,3,3,1,1,1,1,1,1,1,3,1,2,1
0,0,1,3,0,2,0,,2,0,1,0,0,0,0,0,0,,4,3,4,1,4,4,2,0,0,20,10,10,2,2,3,4,4,2,4,3,1,1,1,1,1,1,1,2,1,2,2
0,1,2,0,0,0,0,,2,0,1,0,0,3,0,0,0,,4,3,1,1,2,3,3,10,1,0,0,3,2,3,2,4,3,2,2,4,1,1,1,3,1,1,1,2,1,2,1
0,2,1,3,0,0,0,,2,0,1,0,3,0,0,0,0,,4.5,4,2,2,3,3,2,25,2,15,0,3,2,2,3,3,3,2,4,3,1,1,1,1,1,1,1,1,1,2,2
1,0,2,0,3,1,0,,0,0,1,0,3,0,0,2,0,,3.5,2,3,2,4,2,4,10,0.1,10,1,2,1,2,1,2,3,1,4,2,1,2,1,1,2,1,1,1,1,1,1
1,0,2,3,0,1,0,,0,0,2,0,0,3,0,1,0,,4,4,2,2,3,1,2,5,0,0,0,10,1,2,1,2,2,3,4,2,1,3,1,3,1,1,1,1,1,2,1
1,1,2,0,0,3,0,,2,0,3,0,0,0,0,1,0,,4.5,4,2,2,2,3,2,0,0,0,0,15,2,2,2,2,2,2,2,2,1,3,1,1,1,1,1,2,1,2,1
0,1,2,0,3,0,0,,0,0,3,0,1,0,0,2,0,,4.5,2,3,1,4,2,3,10,0,6,2,30,2,3,2,2,4,3,3,2,1,1,1,1,1,1,1,1,1,2,1
0,1,0,0,2,3,0,,2,3,0,0,0,0,0,1,0,,4,4,3,2,4,2,3,5,0,0,0,1,2,3,2,2,2,2,2,2,2,1,1,1,1,1,1,1,1,1,1
1,2,1,0,0,3,0,,2,0,1,0,3,0,0,0,0,,5,5,2,1,2,5,3,0,0,0,0,5,2,3,1,2,2,2,4,3,1,3,1,1,1,1,1,1,1,2,2
0,2,1,0,0,3,0,,0,0,1,0,0,0,3,2,0,,4.5,4,2,1,2,2,2,10,0,0,0,10,2,2,2,2,2,2,2,2,1,1,1,1,1,1,1,1,1,2,1
0,0,1,0,0,0,0,,0,0,1,0,2,0,0,3,0,,4,5,2,2,3,2,4,10,2,5,0,5,2,2,3,3,2,3,4,2,1,1,1,3,1,1,1,1,3,2,2
1,1,2,0,0,3,0,,1,0,2,0,0,0,0,3,0,,4.5,5,2,1,3,2,2,10,1,0,0,5,3,3,3,4,3,4,3,3,1,1,1,1,1,1,1,1,1,2,2
0,1,2,0,0,3,0,,3,0,2,0,0,1,0,0,0,,4,4,2,2,3,3,1,15,0,5,0.5,10,3,3,0,2,2,2,4,3,1,1,1,1,1,1,1,1,1,2,1
0,1,2,0,0,3,0,,2,0,1,0,0,0,0,3,0,,5,5,1,1,3,3,4,10,0,25,10,10,2,2,2,3,2,3,2,3,1,1,1,1,1,1,1,1,1,2,1
0,2,1,0,0,0,0,,0,3,1,0,0,0,2,0,0,,4.5,4,1,2,4,1,2,75,0,0,10,60,2,2,2,4,3,2,4,3,1,1,1,1,1,1,1,1,1,2,1
1,3,1,0,0,2,0,,3,0,1,0,0,2,0,0,0,,4,3,3,3,3,3,3,0,0,40,10,15,1,2,2,2,2,2,1,2,2,1,1,3,3,1,1,1,1,2,1
0,0,0,0,0,1,0,,0,0,0,0,0,0,0,1,0,,4.5,4,4,2,4,3,4,15,0,30,2,4,2,2,2,2,4,3,3,2,1,1,1,1,1,1,1,1,1,2,1
1,3,0,0,1,2,0,,3,0,0,0,1,2,0,0,0,,4,4,1,1,2,3,2,0,0,0,0,6,2,3,2,2,2,3,4,3,1,1,1,1,1,1,1,1,1,2,1
1,0,2,3,0,1,0,,3,0,1,2,0,0,0,0,0,,5,5,3,1,3,2,1,20,1,50,5,2,3,3,3,3,3,3,3,3,1,1,1,1,1,1,1,1,1,2,1
0,2,1,0,0,0,0,,3,0,1,0,0,0,0,2,0,,3.5,4,2,2,3,3,2,1,1,20,5,10,1,1,1,1,1,2,1,2,1,1,1,1,1,1,1,1,1,2,2
0,0,1,0,0,0,2,I am interested in finding out how accurate these movie reccommendation sites are.,1,0,2,0,0,3,0,0,0,,4,5,2,3,3,4,2,5,0,100,10,15,3,2,1,4,2,1,4,2,1,1,1,3,1,1,1,1,1,2,2
0,0,1,2,3,0,0,,0,0,2,0,0,0,1,3,0,,5,2,1,1,4,3,3,15,3,6,4,15,1,2,1,3,2,1,2,3,1,1,1,1,1,1,1,1,1,2,1
0,1,3,0,0,0,2,I like to have a database of all movies i've seen.,2,0,0,0,0,0,3,1,0,,5,5,2,2,2,2,2,0,0,5,0,2.5,2,3,1,2,2,4,4,2,1,3,1,3,1,1,1,2,1,2,1
0,0,1,0,0,2,0,,0,0,1,0,0,3,0,0,2,mutually beneficial cooperation,4.5,5,2,2,3,2,1,0,0,10,1,5,1,1,1,2,2,3,4,2,1,1,1,1,1,1,1,2,1,2,1
1,0,1,0,0,0,0,,0,0,1,0,3,2,0,0,0,,4.5,4,1,1,2,3,2,0,0,0,0,2,2,2,2,2,2,2,2,3,1,1,1,1,1,1,1,1,1,2,1
1,1,3,2,0,0,0,,0,0,1,0,0,3,0,2,0,,4.5,4,2,3,3,3,4,25,0,10,1,3,2,3,2,3,3,2,4,4,1,1,1,1,1,1,1,1,1,2,3
0,3,2,0,0,1,0,,3,0,2,0,0,1,0,0,0,,4,2,4,3,4,1,5,0,0,30,5,5,2,2,2,3,3,3,3,2,2,2,3,3,2,1,1,2,1,2,1
1,1,2,3,0,0,0,,3,0,2,0,0,0,0,1,0,,4,4,3,3,4,3,3,5,1,50,5,5,3,3,2,3,4,4,3,3,1,3,1,1,3,1,1,3,1,2,1
0,1,0,2,0,0,0,I like to decide whether or not to view a movie based on recommendations,2,3,0,0,1,0,0,0,0,,4.5,2,2,1,2,2,1,$20.00 ,$3.00 ,$8.00 ,$1.00 ,2,1,1,1,2,3,1,3,1,1,1,1,1,1,1,1,1,1,2,3
0,3,2,0,0,1,0,,0,0,1,2,0,3,0,0,0,,3,3,4,2,4,2,3,20,0,25,5,15,3,3,3,3,4,3,2,3,2,3,1,3,3,1,1,1,1,2,1
1,0,1,0,2,0,3,,0,0,1,0,2,3,0,0,0,,4,4,2,2,2,2,3,20,10,10,5,5,2,3,2,2,4,3,3,3,1,1,1,1,1,1,1,1,1,2,1
0,0,1,0,0,2,0,,0,0,1,0,0,0,0,0,0,,5,5,4,1,4,3,4,25,0,0,0,5,2,3,2,4,2,2,4,3,3,1,2,1,3,1,3,2,1,2,1
0,1,2,0,0,0,3,I keep track of movies I've seen,1,0,0,0,0,3,0,2,0,,4,4,1,2,3,2,1,40,0,40,10,15,2,3,2,3,3,2,3,2,1,1,1,1,1,1,1,3,1,1,1
0,2,1,0,0,3,0,,1,0,2,0,3,0,0,0,0,,5,5,2,2,2,2,1,0$  sorry but I'd believe myself before someone that's more interested in earn some bucks before sharing his thoughts with the rest of the world,0$,0$,0$,0$  the same motive for each one,2,3,2,3,3,3,3,2,1,1,1,1,1,1,1,1,1,2,1
1,0,1,0,0,2,3,i just want to know how much i'll like a movie before i rent it...,0,0,1,0,0,0,0,0,2,it's here and it seems to work...,4.5,3,3,3,3,3,3,0,0,0,0,45,3,3,3,3,4,3,4,4,1,3,3,3,3,1,1,3,3,1,3
1,0,1,3,0,2,0,,0,0,2,1,0,3,0,0,0,,4.5,4,3,1,3,3,3,7,0.5,15,0.5,2,1,2,2,1,1,2,4,1,1,1,1,3,3,1,1,1,1,3,3
1,0,0,0,0,0,0,,0,0,0,0,0,0,0,0,0,,,0,0,0,0,0,0,,,,,,0,0,0,0,0,0,0,0,0,0,0,0,0,0,0,0,0,0,0
0,0,1,0,0,2,3,I like to see the accuracy of the collaborative filtering mechanism,0,0,1,3,2,0,0,0,0,,3.5,4,2,2,2,3,2,0,0,0,0,1,3,3,3,3,3,3,1,4,2,3,2,3,1,1,1,2,3,2,1
1,3,1,0,0,2,0,,3,0,1,0,0,2,0,0,0,,5,5,4,3,3,3,4,30,5,0,0,5,2,3,2,3,2,3,3,2,3,1,1,3,1,1,1,1,1,2,1
0,2,1,0,0,3,0,,3,0,1,0,2,0,0,0,0,,4,3,1,2,3,1,2,8,5,5,1,7,2,3,2,2,3,3,3,3,1,1,1,1,1,1,1,3,1,2,1
0,0,1,0,0,2,0,,0,0,1,0,2,3,0,0,0,,4.5,5,2,1,4,2,4,0,0,0,0,5,3,3,3,3,3,3,4,3,1,3,1,1,1,1,1,2,1,2,1
0,2,1,0,0,3,0,,3,0,1,2,0,0,0,0,0,,4,3,3,1,4,1,3,0,0,0,0,2,2,2,2,3,3,3,3,2,1,3,1,3,1,1,1,3,1,1,3
1,1,2,0,3,0,0,,1,0,2,0,3,0,0,0,0,,4,5,1,2,1,2,1,0,1,10,2,3,2,3,2,3,3,3,2,3,3,1,1,3,1,1,1,1,1,2,1
0,2,1,3,0,0,0,,0,3,1,0,0,0,0,2,0,,4,4,3,3,3,4,4,0,0,0,0,1,2,3,2,2,3,4,3,2,1,1,1,3,1,1,1,1,1,2,2
0,2,1,0,3,0,0,,2,0,1,3,0,0,0,0,0,,4.5,3,2,2,3,2,3,0,0,10,5,10,2,2,3,2,3,3,2,3,1,1,1,1,1,1,1,1,1,2,1
1,2,1,3,0,0,0,,3,0,2,0,0,0,0,1,0,,4.5,4,3,2,3,2,3,0,0,100,0,2,3,3,3,3,3,4,3,3,1,3,1,3,1,1,1,2,3,2,1
0,3,1,0,0,2,0,,3,0,1,0,0,0,0,2,0,,4,2,3,3,3,2,3,0,0,15,0.5,5,3,3,3,3,3,3,4,3,1,1,1,1,1,1,1,1,1,2,1
0,0,3,0,0,2,1,I am interested in recommender systems,2,0,1,0,0,3,0,0,0,,4,4,3,2,4,2,2,17,10,7,1,10,1,1,2,3,2,4,4,3,1,1,1,3,1,1,1,1,1,3,1
1,3,1,0,0,2,0,,0,0,0,0,0,0,0,0,0,,4,3,1,2,3,2,2,20,5,5,1,1,2,2,2,2,3,3,4,2,1,1,1,1,1,1,1,1,1,2,1
0,0,0,0,0,1,0,,0,0,1,0,0,0,0,0,0,,4,4,2,2,3,2,3,10,10,50,10,10,2,2,2,2,2,2,4,2,1,3,1,1,1,1,3,1,1,2,1
1,2,1,0,3,0,0,,0,3,1,0,0,2,0,0,0,,3.5,3,4,3,3,3,2,,,,,,3,3,3,4,4,3,4,3,1,3,1,3,1,1,1,1,1,2,1
1,0,1,3,0,2,0,,1,0,2,0,0,0,0,0,0,,4.5,3,3,3,3,4,4,10,5,0,0,7,3,3,3,3,3,3,3,3,1,1,1,3,1,1,3,3,3,2,2
0,2,1,3,0,0,0,,0,0,1,2,0,0,0,3,0,,4,0,2,3,4,0,0,20,0,10,0,10,2,2,2,2,2,2,2,2,1,1,1,1,1,1,1,1,1,2,1
0,0,1,3,0,2,0,,3,0,1,0,0,0,0,2,0,,4,4,3,2,3,2,3,5,1,100,0,5,2,2,2,3,3,3,2,3,1,1,1,1,1,1,3,3,1,2,2
0,2,1,3,0,0,0,,0,0,1,0,2,3,0,0,0,,4,4,3,3,3,3,3,0,0,0,0,20,2,3,2,3,3,4,3,3,1,1,1,3,1,1,1,1,1,3,1
1,3,1,0,2,0,0,,0,2,1,0,0,3,0,0,0,,5,4,2,2,2,2,1,0,0,0,0,5,2,2,3,2,4,2,2,3,1,1,1,1,1,1,1,1,1,1,1
1,2,3,0,1,0,0,,0,0,3,0,0,2,0,1,0,,4,4,1,2,2,4,2,12,10,10,5,2,2,3,2,3,3,4,4,2,1,1,1,1,1,1,1,1,1,2,1
0,2,1,0,3,0,0,,0,0,1,0,2,0,0,3,0,,4.5,4,2,2,2,1,2,20,0,10,5,10,1,2,2,3,2,2,1,2,1,1,1,3,1,1,1,1,1,2,3
1,0,2,0,0,0,1,my husband uses it & wants me to  too,0,0,1,2,0,0,0,0,0,,3.5,5,2,1,2,1,2,0,0,0,0,2,1,2,1,3,3,2,1,3,1,1,1,3,1,1,1,1,3,2,1
1,2,1,0,0,3,0,,0,0,1,0,0,2,0,3,0,,4,5,2,1,3,1,2,,,,,,1,1,1,2,1,2,3,2,1,3,1,3,1,1,3,3,3,3,1
1,1,0,2,0,0,3,I like to see how many movies I've seen!,1,0,0,0,0,3,0,2,0,,4.5,3,3,1,3,3,2,20,1,5,0,20,3,3,3,3,3,3,4,3,1,1,1,1,1,1,1,1,1,3,1
0,1,2,3,0,0,0,,1,2,0,0,0,3,0,0,0,,4.5,1,1,2,3,2,2,20,1,1,0.5,30,2,3,2,2,3,2,3,2,1,1,1,1,1,1,1,1,1,2,1
0,3,2,0,0,0,1,Interest in collaborative filtering,0,0,1,0,3,2,0,0,0,,4,4,2,2,3,2,3,0,0,0,0,4,2,2,2,3,2,2,2,2,3,1,3,3,1,1,1,3,1,2,1
1,0,1,3,0,2,0,,0,0,1,0,0,0,3,2,0,,5,4,1,1,2,4,3,15,0,0,0,10,1,2,2,2,4,1,1,3,1,1,1,1,1,1,1,1,1,2,1
0,1,2,0,0,3,0,,3,0,1,0,0,2,0,0,0,,4,2,3,2,3,2,1,0,0,0,0,10,2,2,2,2,2,2,3,2,1,1,1,1,1,1,1,1,1,2,1
1,2,1,3,0,0,0,,2,0,1,0,0,0,0,0,0,,4,4,2,2,2,2,1,5,10,20,10,15,1,2,2,1,2,2,4,3,1,1,1,3,1,1,1,3,1,2,1
1,0,2,3,0,1,0,,2,0,1,0,0,0,0,0,3,,4,4,1,1,1,4,2,5,1,15,1,5,3,2,2,1,2,3,4,2,1,1,1,3,1,1,1,1,1,2,2
1,0,1,2,3,0,0,,0,0,1,0,3,0,0,2,0,,4,4,2,2,3,3,2,15,0.5,1,0,2.5,2,2,2,3,3,3,2,3,1,1,1,1,3,1,1,3,3,2,1
1,0,1,0,0,0,0,,0,0,2,0,0,0,1,0,3,,4,2,3,1,3,3,2,50,5,15,1,3,2,0,3,0,2,3,2,4,1,1,1,2,1,1,3,0,0,0,0
1,1,2,3,0,0,0,,1,0,3,0,0,0,0,2,0,,4,4,3,2,2,3,3,0,5,0,0,1,3,3,2,3,4,3,4,3,1,1,1,3,1,1,1,1,1,3,3
0,2,1,0,0,3,0,,0,0,1,0,3,0,0,2,0,,4,5,2,1,3,1,2,12,2,3,2,5,1,2,2,3,3,3,1,2,1,1,1,1,1,1,1,1,1,2,1
1,0,1,0,0,2,0,,0,0,1,0,0,0,0,2,0,,4.5,4,4,2,4,2,3,5,0,0,0,0,1,2,1,3,4,2,1,4,1,3,2,1,1,1,1,3,1,2,2
0,2,1,0,3,0,0,,0,0,1,0,2,0,3,0,0,,4.5,4,1,1,3,2,3,0,0,0,0,4,1,2,1,2,2,2,1,2,1,1,1,1,1,1,1,1,1,2,1
1,2,1,0,0,3,0,,3,0,1,0,0,0,0,2,0,,4.5,4,3,3,3,4,2,0,0,10,0,3,1,2,2,1,2,2,2,2,1,1,1,1,1,1,3,1,1,2,2
1,3,2,1,0,0,0,,0,0,2,0,1,0,3,0,0,,4.5,2,2,1,1,3,2,$10.00 ,$2.00 ,$5.00 ,$1.00 ,10 minutes,2,3,2,4,4,3,4,3,1,1,1,1,1,1,1,1,1,2,3
1,1,0,3,0,2,0,,3,0,1,0,0,2,0,0,0,,4.5,4,1,2,2,4,3,20,1,10,2,15-Oct,1,3,3,1,1,2,2,2,1,1,1,1,1,1,1,1,1,1,1
1,3,1,2,0,0,0,,2,0,1,0,0,3,0,0,0,,4.5,5,2,1,3,4,2,20,0,0,0,2,2,2,2,2,2,3,4,2,1,1,1,3,1,1,1,1,1,2,1
0,0,1,0,0,0,0,,0,3,1,0,2,0,0,0,0,,3.5,4,3,1,4,2,3,0,0,0,0,5,3,3,3,4,3,3,3,3,1,1,3,1,1,1,1,1,0,2,2
1,2,1,3,0,0,0,,2,0,1,0,0,0,0,0,0,,5,2,3,2,3,2,3,10,0,0,0,5,2,3,2,2,2,2,4,2,1,1,1,3,1,1,1,1,1,2,1
0,2,1,0,0,3,0,,2,0,1,0,0,0,0,3,0,,5,4,1,1,2,3,2,5,0,0,0,10,2,2,2,3,3,3,3,2,1,3,1,3,1,1,1,3,3,2,1
1,2,1,0,0,3,0,,0,1,0,0,0,3,0,2,0,,2.5,4,4,2,3,2,3,0,5,30,5,5 minutes,2,3,2,2,3,4,4,2,1,3,1,2,1,1,1,1,1,1,1
1,1,2,0,3,0,0,,3,0,1,0,0,0,0,2,0,,4,0,0,0,0,0,0,,,,,,0,0,0,0,0,0,0,0,0,0,0,0,0,0,0,0,0,0,0
1,0,2,3,0,1,0,,3,0,2,0,1,0,0,0,0,,4.5,5,4,3,3,3,2,15,0.5,10,2,60,3,3,3,3,3,3,3,3,1,1,1,1,2,1,1,2,1,2,1
1,0,1,0,0,2,0,,0,0,1,0,0,0,0,2,0,,4.5,4,1,2,2,2,1,3,0.5,1,0.5,6,2,2,3,4,3,2,4,4,1,1,2,1,1,1,2,2,1,2,2
0,0,1,2,0,0,0,,0,0,1,2,0,0,0,0,0,,4,5,2,2,3,3,3,10,2,75,5,5,2,3,3,3,2,3,3,4,1,1,3,1,1,1,1,3,1,2,2
1,2,1,0,0,3,0,,2,0,1,0,0,0,0,3,0,,4,4,1,1,3,3,2,10,0.5,0,0,10,2,3,2,2,2,2,4,2,1,1,1,1,1,1,1,1,1,2,2
0,0,2,0,3,0,1,I am intrigued by the concept of collaborative filtering and curious to see how good a job it does -- so far  quite good!,0,0,1,0,3,2,0,0,0,,4.5,4,2,2,2,2,3,10,1,10,1,1,1,1,2,1,2,2,1,2,1,1,1,1,1,1,1,1,1,2,1
0,1,2,0,0,0,0,,3,0,1,0,0,2,0,0,0,,4.5,5,2,1,3,3,4,20,0,10,0,2,3,3,3,3,3,3,4,3,1,1,1,1,1,1,1,1,1,2,1
0,0,1,0,0,2,3,Find out about new movies,2,0,1,0,0,0,0,3,0,,5,2,2,2,3,3,3,10,0,30,5,10,2,2,2,2,3,3,4,2,1,1,1,3,1,1,1,3,1,2,2
0,2,3,0,0,1,0,,0,0,3,0,0,0,2,1,0,,4,4,2,3,2,2,2,7,2,11.50 (and free movie rentals),texas,6,2,2,2,3,3,2,4,3,1,1,1,1,2,1,1,1,1,2,1
0,1,2,0,0,0,3,I like having a malleable manifest of movies I've seen and movies I want to see,2,0,3,0,0,0,0,1,0,,4,5,4,1,4,3,3,10,0,0,30,15,1,2,1,3,4,3,2,3,3,1,1,3,1,1,1,1,1,2,3
0,3,1,0,0,2,0,,3,0,1,2,0,0,0,0,0,,3.5,4,2,3,2,3,3,10,1,0,1,2,2,2,2,2,2,3,2,3,3,2,1,3,1,1,3,2,1,2,1
0,2,1,3,0,0,0,,3,0,1,0,2,0,0,0,0,,4.5,4,2,1,3,4,2,10,3,1,0,1,2,2,2,2,2,2,4,3,1,1,1,1,1,1,1,1,1,2,1
1,3,1,0,0,0,2,I like to be able to look up movies that I have ranked in the past so as to make recommendations to friends and relatives.,0,0,1,0,0,0,0,2,3, I rate movies to compare my predicted rating to my actual rating.,4,2,2,2,2,3,3,$10.00 ,$1.00 ,$5.00 ,$0.50 ,2-5 minutes,3,3,3,3,4,3,4,3,1,3,1,3,3,1,1,1,3,2,1
0,0,1,0,0,0,0,,0,0,1,0,2,0,0,0,3,Because I like the idea underlying MovieLens and how it differs from other recommendation algorithms  (e.g.  Amazon)  specifically  that it clusters individuals preferences to categorize people.,4,4,2,2,3,3,3,0,0,45,10,5,1,2,2,3,2,2,3,3,1,1,3,1,1,1,1,1,1,2,1
0,0,1,0,0,2,0,,0,0,1,2,0,3,0,0,0,,3.5,4,1,2,2,3,3,24,0,-50,0,5,2,2,2,3,2,3,4,2,1,1,2,1,1,1,1,3,1,2,1
0,2,1,0,0,3,0,,2,0,1,3,0,0,0,0,0,,5,5,2,2,3,3,3,10,0,0,0,5,1,1,1,2,3,3,1,3,1,1,1,3,1,1,1,1,1,2,2
1,3,1,0,0,2,0,,0,0,1,0,0,3,0,2,0,,4.5,4,2,3,2,5,2,10,1,12,2,10,2,2,2,2,2,2,3,3,1,1,1,1,1,1,1,2,1,2,1
0,1,0,2,3,0,0,,1,0,0,0,0,3,0,2,0,,5,3,4,2,2,3,2,25,0,20,10,20,2,4,2,4,4,4,4,4,1,3,1,3,1,0,1,1,0,0,1
0,1,2,0,0,3,0,,1,0,0,0,0,0,2,3,0,,3,5,4,2,4,2,2,20,0,10,0,3,1,3,1,4,0,3,1,3,2,3,1,3,1,1,1,1,1,3,2
0,3,1,0,0,2,0,,0,0,1,0,3,0,2,0,0,,5,3,1,1,2,3,1,0,0,0,0,3 minutes,2,2,3,2,2,4,3,3,1,1,1,1,1,1,1,1,1,2,1
1,1,2,0,0,3,0,,2,0,1,0,0,3,0,0,0,,5,4,2,2,2,4,2,25,10,8,8,4,2,2,2,2,2,3,3,2,1,3,1,3,1,1,1,1,1,1,1
0,0,2,0,0,0,1,Getting shared recommendations,0,0,1,0,0,3,0,2,0,,4.5,4,2,2,3,2,3,15,0,0,0,3,3,3,3,3,4,3,4,3,1,1,2,1,1,1,1,2,1,2,1
0,0,2,0,0,0,1,to find a common movie with partner,0,0,1,0,0,0,0,0,0,,5,5,2,1,2,5,2,0,0,100,50,20,3,3,3,3,3,3,3,4,1,1,1,1,1,1,1,1,1,2,1
0,2,1,0,3,0,0,,2,0,1,0,0,3,0,0,0,,4,3,3,2,2,3,3,0,0,10,1,1,2,3,2,2,3,3,3,2,3,3,1,3,3,1,1,1,3,3,1
1,3,2,0,0,1,0,,2,0,1,0,0,0,0,3,0,,4.5,4,1,2,2,3,2,$10.00 ,$2.00 ,$5.00 ,$1.00 ,2 minutes,2,2,1,2,2,2,2,2,1,3,1,1,1,1,1,3,1,2,3
0,2,1,0,0,3,0,,2,0,1,0,0,0,0,3,0,,4,2,3,2,2,3,2,0,0,25,10,20,2,3,3,2,4,3,3,3,1,1,1,1,1,1,1,2,1,2,1
1,2,1,0,0,0,0,,0,0,2,0,1,0,0,3,0,,3,2,2,2,3,3,2,5,1,20,2,5,3,3,3,4,3,4,3,3,1,1,1,1,1,1,1,2,1,2,1
1,1,3,2,0,0,0,,3,0,2,0,0,0,0,1,0,,4.5,3,1,1,2,2,2,5,5,0,0,10,1,2,1,2,2,2,3,3,1,1,1,1,1,1,1,1,1,2,1
1,2,1,0,0,0,0,,3,0,2,0,0,0,0,1,0,,4,4,2,1,3,1,2,3,0.5,3,1,20,2,3,2,3,3,2,2,4,1,1,1,3,1,1,1,2,1,2,1
0,0,1,3,2,0,0,,0,0,2,0,3,0,0,1,0,,4,3,1,2,3,3,2,4.99,0,0,0,8,2,2,2,2,3,3,2,2,1,1,1,3,3,1,1,1,1,1,1
1,0,2,3,1,0,0,,0,3,2,0,0,0,0,1,0,,3.5,3,1,2,2,1,2,19.95,0.49,0,0,4,1,3,1,2,3,1,3,2,1,1,1,1,1,1,1,1,1,2,3
1,2,1,3,0,0,0,,2,0,1,0,0,3,0,0,0,,5,4,1,3,2,3,2,30,2,15,2,5,2,2,2,2,2,3,3,3,1,1,1,1,1,1,1,1,1,2,1
0,2,1,0,0,0,0,,1,0,2,3,0,0,0,0,0,,4,2,2,1,3,2,3,5,0,0,0,1,2,3,3,2,3,4,3,2,1,3,1,1,1,1,1,2,1,1,1
0,3,1,0,0,2,0,,3,0,2,0,0,0,0,1,0,,4,5,3,2,2,4,3,0,0,0,0,40,2,4,2,2,3,2,2,4,3,1,1,1,1,1,1,1,1,2,2
1,1,2,3,0,0,0,,1,0,0,0,0,3,0,2,0,,4.5,5,1,2,4,4,2,$10 ,$1 ,$20 ,$0 ,5 minutes,2,2,2,3,3,2,2,2,1,3,1,3,1,1,1,1,1,1,1
1,1,3,0,0,2,0,,2,0,3,0,0,0,0,1,0,,4,4,1,2,4,2,3,0,0,0,0,1,2,3,2,2,3,2,2,3,1,3,1,1,1,1,1,2,3,2,3
1,0,1,0,2,3,0,,3,0,2,0,0,0,0,1,0,,4.5,1,2,1,2,1,1,10,5,0,0,5,2,2,2,2,2,2,3,2,1,1,1,1,1,1,1,1,1,2,1
0,0,0,3,2,1,0,,0,0,1,0,3,2,0,0,0,,4,4,3,2,3,3,3,0,0,10,1,5,3,3,3,3,4,3,4,3,1,1,1,1,1,1,1,1,1,2,1
0,3,1,0,0,2,0,,1,0,2,0,0,0,0,3,0,,4,4,2,2,3,4,2,5,1,5,1,10,2,2,2,2,3,3,4,3,1,1,1,1,1,1,1,3,1,2,3
1,3,1,0,0,2,0,,3,0,1,0,0,0,0,2,0,,3.5,3,1,2,3,3,2,0,0,1,0,3,2,3,4,2,3,4,2,3,1,3,1,3,1,1,1,0,1,2,3
1,0,1,3,0,2,0,,3,0,1,0,0,0,0,2,0,,4,3,2,2,2,3,3,20,0,30,10,20,1,2,1,2,2,4,1,1,1,3,1,1,1,1,1,3,1,2,1
1,3,2,0,0,1,0,,2,0,1,0,0,0,0,3,0,,4,4,2,2,2,4,1,20,5,2,0.5,3,2,3,2,3,3,3,4,3,1,1,1,3,1,1,1,2,1,2,1
1,2,1,0,0,0,0,i like a record of all the movies i have seen,0,0,1,0,0,3,0,2,0,,4.5,4,4,1,4,1,4,40,3,3,1,20,2,2,2,4,3,2,3,3,1,1,1,1,1,1,1,1,1,2,1
1,1,2,0,0,3,0,,1,0,3,0,0,0,0,2,0,,5,5,3,1,3,4,1,0,0,0,0,1,2,3,2,2,2,3,3,3,1,1,1,1,1,1,1,1,1,2,1
1,0,1,2,0,0,0,,0,0,1,0,3,2,0,0,0,,4.5,4,2,1,3,3,4,10,1,10,5,20,3,3,3,3,3,3,4,3,1,1,3,1,1,1,1,1,1,2,1
0,3,1,2,0,0,0,,3,0,1,0,2,0,0,0,0,,4,2,2,2,4,2,2,5,1,10,0.5,2,1,1,2,1,1,2,1,2,1,1,1,1,1,1,1,1,1,2,2
1,1,2,0,3,0,0,,1,0,2,0,0,3,0,0,0,,4,1,1,2,3,2,4,0,0,0,0,5,2,3,2,3,3,3,2,4,1,3,1,3,1,1,1,1,1,2,1
0,2,1,0,0,3,0,,2,0,1,0,0,3,0,0,0,,5,4,2,1,2,2,3,10,0,5,1,3,1,2,2,1,4,2,1,2,1,1,1,1,1,1,1,1,1,2,1
0,3,1,0,0,2,0,,0,0,1,0,2,0,0,3,0,,4.5,4,2,2,4,4,2,15,0,6,1,10,2,2,2,3,2,3,2,3,1,1,1,1,1,1,1,2,3,2,3
1,3,0,2,0,1,0,,2,0,1,0,0,3,0,0,0,,4,4,2,2,2,3,1,10,0,25,10,5,2,2,2,2,4,2,4,2,1,1,1,1,1,1,1,3,1,2,1
0,3,2,0,0,1,0,,3,0,2,0,0,0,0,1,0,,4.5,5,2,2,3,3,2,10,0.1,20,2,10,1,3,1,2,3,2,3,2,1,1,1,1,1,1,1,1,1,2,1
0,3,1,0,0,2,0,,2,0,1,0,0,0,0,3,0,,4.5,4,2,2,2,2,3,10,5,10,5,15,2,3,2,3,2,3,2,3,1,1,1,3,1,1,1,3,3,2,1
0,2,1,0,0,0,0,,2,0,1,0,0,3,0,0,0,,4,4,3,3,3,2,3,0,0,0,0,10,2,2,2,3,4,4,3,3,2,1,1,2,1,1,1,1,1,2,1
0,3,1,2,0,0,0,,2,0,3,0,0,0,0,1,0,,4,2,2,2,2,3,3,10,5,0,0,10,2,2,1,2,2,2,2,2,1,1,1,1,1,1,1,1,1,2,3
1,0,0,0,0,1,0,,0,0,1,0,0,0,0,0,0,,4.5,4,3,2,2,3,3,0,0,100,0,15,3,3,3,3,3,3,4,4,1,3,1,3,1,1,1,1,1,2,3
0,2,1,0,0,3,0,,0,0,2,0,0,3,0,1,0,,4.5,4,2,3,3,2,2,25,2.5,5,0,5,2,2,2,2,2,2,4,2,1,1,1,1,1,1,1,3,1,1,1
0,2,1,0,3,0,0,,2,0,1,0,0,3,0,0,0,,5,5,1,1,3,1,3,10,1,0,0,15,2,2,1,1,2,3,1,4,1,1,1,1,1,1,3,1,1,2,1
0,1,2,0,3,0,0,,0,0,2,0,3,1,0,0,0,,4,5,2,2,3,2,4,0,0,5,1,10,3,3,3,4,2,2,3,3,1,1,1,1,1,1,1,1,1,2,1
0,1,2,0,0,3,0,,0,0,1,3,2,0,0,0,0,,4.5,3,2,2,3,2,2,15,2,40,5,1,2,2,2,3,2,2,2,3,1,1,1,2,1,1,1,1,1,2,2
1,3,1,0,0,2,0,,3,0,1,0,0,2,0,0,0,,4.5,2,3,2,2,3,1,0,0,0,0,2,2,2,3,3,3,4,2,3,1,1,1,1,1,1,2,1,1,3,1
0,2,0,1,3,0,0,,3,0,2,0,0,1,0,0,0,,4,2,4,2,4,3,3,10,0,40,5,5,3,4,3,3,4,3,4,3,2,1,1,3,1,1,1,1,1,2,1
0,0,1,0,0,0,0,,0,0,1,0,0,0,0,0,0,,4,3,1,1,3,2,2,35,20,2,0,2,2,2,2,3,3,2,3,3,1,1,1,1,1,1,1,1,1,2,1
1,1,2,0,3,0,0,,0,0,2,0,0,3,0,1,0,,3,2,3,3,3,3,3,10,3,20,3,10,3,4,3,3,4,3,3,4,3,3,1,3,3,1,1,1,1,2,1
0,1,3,2,0,0,0,,1,0,2,0,0,0,0,3,0,,4,4,2,2,4,2,2,1,0,25,10,20,3,3,3,3,3,3,4,3,1,1,1,2,1,1,1,1,2,2,1
1,2,1,0,3,0,0,,3,0,1,0,0,2,0,0,0,,4.5,2,2,2,1,3,2,12,2,5,0,3,2,2,2,2,2,2,2,3,1,1,1,1,1,1,1,1,1,2,1
0,0,1,2,3,0,0,,0,0,1,0,0,3,2,0,0,,4,4,2,3,3,3,1,0,1,25,5,10,1,1,1,1,1,1,4,1,1,1,1,1,1,1,1,1,1,2,1
1,1,0,0,0,2,0,,3,0,0,0,0,2,0,1,0,,4,2,4,3,3,3,2,0,0,5,0.25,10,3,4,3,4,4,4,4,4,2,3,1,3,3,1,1,3,1,2,3
1,0,1,0,3,2,0,,1,0,2,0,0,0,0,3,0,,4.5,5,2,1,4,1,3,10,0,3,0,5,2,2,2,3,4,3,4,3,0,0,0,0,0,0,0,0,0,0,0
1,2,3,0,0,1,0,,0,0,2,0,0,0,3,1,0,,4,4,2,2,2,4,2,40,5,0,0,10,1,2,1,2,4,2,3,3,1,1,1,1,1,1,1,1,1,2,1
0,1,2,0,0,0,0,,1,0,2,0,0,0,0,3,0,,3.5,4,3,2,4,2,4,0,0,10,0,1,2,3,2,4,4,2,4,2,1,1,1,1,1,1,1,1,1,2,1
0,2,1,0,3,0,0,,3,0,0,0,2,0,0,1,0,,4.5,3,2,1,3,2,3,5,0,0,0,10,2,2,2,2,4,2,2,3,1,1,1,3,1,1,1,1,1,2,2
1,2,1,0,3,0,0,,2,0,1,0,0,0,0,0,0,I rate movies for the pleasurable sense I am rewarding good movies and punishing the bad.,4.5,3,1,1,4,2,3,five dollars,dollar,i do it for free now.  but if it was for someone else  wouldn't help me  10 bucks per hour.,two dollars,two minutes,1,1,1,2,3,2,3,2,1,1,1,1,1,1,3,1,1,2,1
1,3,1,0,0,0,2,I like to keep track of which movies I've seen (and how much I've liked them) for my personal use (and for sharing with friends),0,0,2,0,0,0,3,1,0,,5,4,1,1,2,3,1,50,I would not accept such a malicously limited service,I would not accept being paid for rating movies,The amount of movies required to be rated is too trivial to be paid for - and I wouldn't accept being paid for it anyway,2,1,2,2,3,3,2,2,3,1,1,1,1,1,1,1,3,1,2,1
1,2,1,0,0,3,0,,3,0,1,0,0,0,0,2,0,,5,5,3,2,2,3,2,0,0,0,0,5,2,2,2,2,2,2,2,3,1,1,1,1,1,1,1,3,1,2,1
0,3,2,0,0,0,1,Such an easy and efficient way to store all the movies I've seen before and how much I liked them  plus the wishlist thing is great.  Very handy personal reference.,0,0,3,0,0,2,0,1,0,,4.5,2,1,1,1,2,3,20,0.5,5,1,7,1,2,2,2,2,2,4,2,1,1,1,3,1,1,1,3,1,2,1
1,3,1,0,0,2,0,,2,0,1,0,0,0,0,3,0,,4.5,4,2,2,3,2,2,5,1,0,0,10,1,1,1,2,1,1,2,3,1,1,1,1,1,1,1,3,1,2,3
0,1,2,0,0,3,0,,1,0,3,0,0,2,0,0,0,,5,3,2,2,2,4,1,0,0,50,5,5,1,3,1,2,3,2,3,3,1,1,1,1,1,3,1,1,1,2,1
1,0,1,0,0,0,0,,0,0,1,0,0,0,0,0,0,,4,4,3,2,4,2,3,5,0,12,1,5,3,3,3,4,3,3,3,4,1,1,1,2,1,1,1,1,1,2,2
0,0,2,0,0,0,1,I believe collaborative filtering has potential to change the commercial relationships so deeply taken for granted. I also no longer waste my time reading reviews that poorly correlate with my opinion,0,0,2,0,3,1,0,0,0,,4,4,3,2,3,3,3,25,15,15,2.5,10,1,2,2,2,2,2,2,3,1,1,1,1,3,1,1,2,3,2,1
0,2,1,3,0,0,0,,0,0,1,0,0,0,0,0,0,,4.5,2,2,1,2,2,3,0,0,20,5,5,1,2,2,3,3,2,4,3,1,1,1,1,1,1,1,1,1,2,1
1,2,1,0,3,0,0,,2,0,1,0,0,0,0,3,0,,4.5,4,2,1,2,4,2,,5,15,0,2,2,2,2,2,2,2,2,3,1,2,1,2,1,1,1,1,1,2,2
0,3,1,2,0,0,0,,0,0,1,0,2,3,0,0,0,,4,4,2,2,3,1,1,35,1,0,0,8,2,2,2,2,2,2,2,2,1,1,1,3,1,1,1,1,1,2,1
0,1,2,3,0,0,0,,1,0,0,0,0,0,0,2,0,,4.5,2,2,2,3,1,4,10,1,5,0.1,1,3,3,3,3,4,4,4,3,1,1,1,3,1,1,1,1,1,2,1
1,1,2,0,3,0,0,,3,0,1,0,0,0,0,2,0,,3,4,2,2,2,5,2,0,0,0,0,2,1,4,1,3,4,1,4,2,1,1,1,1,1,1,1,1,1,2,1
1,3,1,0,0,2,0,,2,0,1,0,0,0,0,3,0,,4,4,1,2,2,5,2,12,1,8,0.5,5,2,3,2,3,3,2,4,3,1,1,1,3,1,1,1,1,3,2,1
0,3,1,0,0,0,2,Provides usable data for viewing decisions,2,0,1,0,3,0,0,0,0,,3.5,4,1,2,3,2,3,10,0.5,20,1,5,2,3,2,2,3,2,3,3,1,1,1,1,1,1,1,1,1,1,2
1,2,1,0,0,3,0,,0,0,1,2,0,0,0,3,0,,4,4,2,3,2,3,2,26,13,0,0,13,1,2,1,2,1,2,2,2,1,1,1,1,1,1,1,1,1,2,3
0,0,1,0,0,2,0,,0,0,1,0,2,0,0,3,0,,4.5,4,1,2,2,3,2,5,0,12,1,3,1,2,1,3,2,2,3,3,1,1,1,3,1,1,1,3,1,2,3
1,3,1,0,0,2,0,,0,0,1,0,2,3,0,0,0,,4,4,2,2,3,3,3,0,0,20,5,15,2,2,2,2,2,3,3,3,2,1,1,3,1,1,1,1,1,2,1
1,0,1,0,0,2,0,,0,0,1,0,2,3,0,0,0,,3.5,2,4,2,4,3,3,0,2,5,1,5,2,3,2,3,3,4,3,2,1,3,2,3,2,1,1,2,1,2,2
0,2,1,0,3,0,0,,0,0,1,0,0,3,0,2,0,,4,5,1,1,3,1,2,10,0,0,0,5,1,1,1,3,2,1,3,3,1,1,1,3,1,1,1,3,3,2,1
0,3,1,0,2,0,0,,1,0,2,0,0,0,3,0,0,,4.5,5,2,2,3,1,3,0,0,0,0,3,2,3,3,2,3,2,4,2,1,1,1,3,1,1,1,1,1,2,1
1,0,0,0,0,0,1,enjoy being a lab rat in a maze,0,0,0,0,0,2,0,0,1,lab rat/maze,2.5,5,3,3,3,2,4,5,1,100,1,12,2,4,2,3,3,2,3,3,2,3,1,1,1,1,1,1,1,1,1
1,0,2,3,0,1,0,,3,0,2,0,0,0,0,1,0,,4.5,4,2,1,3,3,1,10,0,0,0,10,2,3,2,2,2,2,2,3,1,1,1,1,1,1,3,2,1,1,2
0,2,1,0,3,0,0,,3,0,2,0,1,0,0,0,0,,4,5,1,1,2,4,3,10,2,0,0,10,1,3,2,1,3,2,1,1,1,1,1,1,1,1,1,2,1,2,1
1,2,1,0,0,3,0,,3,0,2,0,1,0,0,0,0,,3,4,2,2,2,2,3,0,0,20,5,15,2,3,2,4,4,4,4,2,2,3,1,3,3,1,1,1,1,2,1
1,0,2,0,0,1,0,,3,0,1,0,0,2,0,0,0,,,0,0,0,0,0,0,,,,,,0,0,0,0,0,0,0,0,0,0,0,0,0,0,0,0,0,0,0
1,0,1,0,0,2,0,,0,0,1,2,0,0,0,3,0,,4.5,4,4,2,3,3,2,25,5,25,5,7,3,2,3,3,3,3,4,3,1,3,1,1,1,1,3,2,3,2,2
0,3,1,0,0,2,0,,2,0,1,0,0,3,0,0,0,,3.5,4,2,1,3,2,3,10,0,10,0,5,2,3,2,3,3,2,4,3,1,1,1,1,1,1,1,3,1,2,1
1,1,3,0,2,0,0,,1,2,0,0,0,0,0,3,0,,5,4,2,2,2,4,3,25,5,5,0,3,2,3,2,3,3,3,2,3,1,3,1,1,1,1,1,1,1,2,1
0,1,3,0,0,2,0,,3,0,2,0,0,0,0,1,0,,4,5,1,2,3,1,1,15,5,20,5,15,3,3,3,3,3,3,4,3,1,1,1,1,1,1,1,2,1,2,1
0,0,1,3,0,2,0,,3,0,1,0,2,0,0,0,0,,4,5,2,2,4,2,3,0,0,20,5,3,2,2,3,2,3,3,4,3,1,3,1,1,1,1,1,1,1,2,1
1,2,3,0,0,1,0,,0,0,1,0,3,0,0,2,0,,4.5,4,1,1,2,2,1,30,0,5,1,2,1,2,1,1,2,1,1,2,1,1,1,1,1,1,1,1,1,2,1
1,2,1,0,0,3,0,,0,0,1,0,2,0,0,3,0,,4,4,2,1,2,3,2,$25.00 ,$5.00 ,$7.00 ,$3.00 ,15 min,2,2,2,3,4,2,4,2,1,1,1,1,1,1,1,1,1,2,1
0,0,1,2,0,3,0,,0,0,1,3,0,0,0,2,0,,4.5,5,2,2,3,3,1,15,1,30,1,2,2,2,2,2,2,2,4,3,1,1,1,1,1,1,1,1,1,2,2
1,3,0,2,0,1,0,,0,0,1,0,3,0,0,2,0,,4,4,1,1,2,3,1,10,2,5,2,3-Feb,2,2,2,3,2,2,4,3,1,1,1,1,1,1,1,1,1,1,1
1,0,1,0,0,0,0,,0,0,1,0,0,0,0,2,0,,4,4,2,1,3,2,4,0,0,15,1,3,2,3,3,2,3,3,4,3,1,1,1,1,1,1,1,2,3,2,2
1,1,3,0,0,2,0,,0,0,2,0,0,0,3,0,1,,4.5,5,1,2,2,3,2,50,4,20,7,10,2,2,1,2,3,2,4,2,1,1,1,1,1,3,1,1,1,2,1
0,0,1,3,0,2,0,,0,0,1,0,0,0,0,2,0,,3.5,3,3,2,2,2,3,0,0,10,5,30,2,3,3,3,3,3,3,4,1,1,2,1,1,1,1,3,1,2,3
1,0,1,3,0,2,0,,3,0,1,0,2,0,0,0,0,,4.5,2,2,1,3,2,3,15,5,10,2,4,1,3,2,2,2,2,3,2,1,3,1,3,1,1,1,1,1,2,2
0,2,1,0,0,0,0,,2,0,1,0,0,0,0,0,0,,3,3,2,2,3,3,3,none,none,,,10,0,0,0,0,0,0,0,0,0,0,0,0,0,0,0,0,0,0,0
1,2,1,0,0,3,0,,3,0,1,0,0,0,0,2,0,,4,4,2,1,2,1,2,10,5,25,5,5,2,2,2,3,3,3,2,3,1,3,1,1,1,1,1,1,1,2,1
0,2,1,0,0,3,0,,3,0,1,0,0,0,0,2,0,,4,4,3,2,3,2,3,0,0,10,0,10,2,2,2,3,4,3,4,3,1,1,1,1,1,1,3,3,1,3,1
0,1,0,0,2,3,0,,1,0,0,0,0,3,0,2,0,,5,4,2,1,3,3,2,15,1,12,1,5,2,2,2,3,3,2,2,4,1,1,1,1,1,1,1,1,1,2,1
0,1,2,0,0,0,0,,2,0,1,0,0,3,0,0,0,,4,5,2,1,3,4,2,9.95,2.5,0,0,2,3,3,3,3,4,3,3,4,1,1,1,3,1,1,3,2,3,2,1
1,1,2,3,0,0,0,,3,0,1,0,0,0,0,2,0,,4.5,4,2,3,3,2,4,0,0,0,0,3,2,3,2,3,3,3,4,3,1,1,1,1,1,1,1,1,1,2,2
1,0,1,0,3,2,0,,3,0,1,0,0,0,0,2,0,,4,4,1,1,3,2,4,20,0.5,0,0,5,2,2,2,2,2,2,4,3,1,3,1,1,1,1,1,1,1,2,2
1,3,2,0,0,1,0,,3,2,1,0,0,0,0,0,0,,4,3,3,1,3,2,1,5,1.5,1,0,10,1,2,1,1,1,1,2,1,1,1,1,1,1,3,1,1,1,1,1
1,0,3,2,0,1,0,,0,3,2,0,1,0,0,0,0,,4,4,4,2,2,4,2,5,1,5,1,5,2,3,3,2,2,2,4,3,1,1,1,1,1,1,1,1,1,2,1
1,3,1,0,0,2,0,,0,0,1,0,3,2,0,0,0,,4.5,4,2,3,3,2,3,50,0,20,5,15,2,4,2,3,2,2,4,4,1,1,1,1,1,1,1,2,3,2,3
0,3,1,0,2,0,0,,0,0,1,2,0,3,0,0,0,,3.5,4,2,1,3,2,3,12,15,40,10,2,2,2,2,3,3,2,4,2,1,1,1,0,1,1,1,1,1,2,1
0,1,2,0,0,3,0,,1,0,2,0,0,3,0,0,0,,4.5,5,2,2,2,2,1,25,1,15,3,10,3,3,3,3,3,3,4,3,1,1,1,1,1,1,1,1,1,2,1
1,0,0,0,0,1,0,,0,0,1,0,0,3,0,2,0,,5,5,1,1,2,3,1,0,0,0,0,1,1,1,1,4,1,0,1,2,1,1,3,3,1,1,2,2,3,2,2
0,2,1,0,0,3,0,,0,0,1,0,2,0,0,3,0,,4.5,2,2,1,2,4,3,0,0,0,0,2,2,2,3,3,3,3,2,3,1,3,1,3,1,1,1,2,3,2,1
0,2,1,0,0,3,0,,3,0,1,0,0,0,2,0,0,,4.5,5,2,1,3,3,4,5,0.25,5,0.25,10,2,2,3,4,2,3,4,2,1,1,1,1,1,1,1,1,1,2,1
0,0,1,0,0,2,3,I like to keep an inventory of the films I've watched.,0,0,1,0,0,2,0,3,0,,4.5,5,2,2,1,4,2,10,0.1,0,0,2,2,3,2,3,2,3,2,3,1,3,1,1,1,1,1,3,3,2,1
0,1,2,0,0,3,0,,1,0,2,0,0,3,0,0,0,,4.5,4,2,2,3,3,4,$20.00 ,0,$10.00 ,0,5 minutes,2,3,2,3,3,3,3,2,1,1,1,1,1,1,1,3,1,2,1
0,1,2,0,0,0,3,I am easily amused and distracted by these kind of things even if they are inaccurate.,2,0,1,0,0,0,3,0,0,,3,5,2,2,4,3,3,0,0,0,0,2 minutes,2,4,2,3,3,3,4,3,1,3,1,1,1,1,1,1,1,2,2
0,2,1,0,3,0,0,,1,0,2,0,0,3,0,0,0,,4.5,4,1,2,2,3,2,0,0,0,0,5,3,3,3,3,4,3,4,3,1,3,1,3,1,1,3,1,3,1,1
0,0,1,2,0,3,0,,0,0,1,0,0,0,0,2,0,,4,2,1,2,3,3,1,,,,,,0,0,0,0,0,0,0,0,0,0,0,0,0,0,0,0,0,0,0
1,3,1,0,0,2,0,,0,0,0,0,1,2,0,3,0,,4,5,2,2,2,2,3,0,0,0,0,5,2,3,2,2,2,2,2,2,1,1,1,1,1,1,1,1,1,2,1
0,0,2,0,3,1,0,,1,0,2,0,0,3,0,0,0,,4,5,2,3,2,1,3,,,,,2,2,3,2,2,3,3,3,4,1,2,1,1,1,1,1,1,1,2,1
0,2,1,3,0,0,0,,1,0,0,0,0,2,0,3,0,,4,1,3,2,4,1,2,20,0.25,10,10,80,1,1,1,1,2,1,2,2,1,1,1,3,1,1,1,1,1,2,1
1,1,2,0,0,0,0,,3,0,1,0,0,0,0,2,0,,3.5,5,2,3,2,3,1,20,0,50,5,5,1,3,1,4,3,2,4,2,3,1,1,3,1,1,1,2,1,2,1
1,3,1,0,0,2,0,,0,0,1,0,0,3,0,2,0,,4.5,4,1,3,3,2,2,15,1,5,0.5,4,2,3,2,3,2,2,2,3,1,1,1,1,1,1,1,1,1,2,1
1,2,1,0,0,3,0,,2,0,1,3,0,0,0,0,0,,4,4,3,2,1,3,1,10,1,20,3,10,3,3,3,3,4,3,4,3,1,3,1,3,1,1,1,1,1,2,2
0,0,2,0,0,3,1,to help me make better choices on movies I have not seen,0,0,1,0,0,3,0,2,0,,4.5,5,2,2,3,3,2,10,0,0,0,1,2,2,2,3,4,2,3,3,1,1,3,1,1,1,1,2,1,2,1
0,1,2,0,3,0,0,,1,0,2,0,0,3,0,0,0,,4.5,4,2,2,3,3,2,$45 ,$10 ,$5 ,0,2,1,2,1,2,2,2,2,3,1,1,1,1,1,1,1,1,1,2,2
1,2,1,3,0,0,0,,0,0,0,3,0,2,1,0,0,,4,5,3,3,3,3,4,0,0,10,10,10,2,4,3,2,3,3,4,2,1,1,1,3,1,1,1,1,1,2,1
1,3,1,0,2,0,0,,0,0,2,0,1,0,0,3,0,,5,5,3,2,4,4,2,10,0.05,10,1,4,2,2,1,4,1,1,1,2,1,1,3,1,1,0,1,1,1,2,1
0,2,1,0,3,0,0,,2,0,1,0,0,0,0,3,0,,5,4,4,1,4,2,2,10,0,10,1,5,1,1,1,2,1,1,1,3,1,1,1,1,1,1,1,1,1,2,1
1,3,0,1,2,0,0,,0,0,1,0,2,3,0,0,0,,4.5,5,2,1,2,1,1,30,10,0,0,5,1,3,1,2,3,2,4,2,1,1,1,1,1,1,1,1,1,2,1
0,0,2,0,0,3,1,Collaborative filtering gives me the best ratings for movies I may want to see,0,0,1,0,0,2,0,0,0,,5,4,1,1,2,1,1,250,10,75,10,5,1,1,2,3,3,1,3,2,1,1,1,1,1,1,1,1,1,2,1
0,2,1,3,0,0,0,,3,0,1,0,0,0,0,2,0,,4.5,4,1,2,3,3,2,25,1,30,5,5,2,2,2,2,3,3,3,2,1,1,1,1,1,1,1,1,1,2,3
1,0,0,3,0,2,1,I'm interested in the scientific fields that build up the theoretical basis for Movielens and like to see how well it performs.,0,3,1,0,0,2,0,0,0,,4,4,3,2,2,2,3,0,0,15,5,5,1,3,2,2,2,3,1,2,1,1,1,1,1,1,1,1,1,2,1
0,2,3,0,0,0,1,I like to keep my data base updated.  I think if I enter the movies I see  the site can more accurately reflect my choices.,3,0,1,0,0,2,0,0,0,,4,3,2,1,2,3,3,$0 ,$0 ,$25 ,$1 ,3 minutes,2,4,2,4,3,3,2,4,1,1,1,1,1,1,1,1,1,2,1
0,1,3,2,0,0,0,,0,0,1,0,0,2,0,3,0,,4,5,1,2,2,3,2,10-May,0,5,0.5,5-Jan,1,2,1,3,2,2,3,3,1,1,1,3,1,1,1,1,1,2,1
0,0,1,3,0,0,2,I like to see if the predicted rating matches my rating,3,0,0,0,0,1,0,2,0,,4,4,3,2,4,4,2,15,5,10,5,30,2,3,2,4,3,3,3,3,1,3,1,3,1,1,1,1,1,2,1
1,0,2,3,1,0,0,,0,0,2,0,1,3,0,0,0,,4.5,5,2,1,3,2,2,9.95,0.99,9.95,0,3,1,1,1,1,1,1,1,3,1,1,1,1,1,1,1,1,1,1,1
0,2,1,0,0,3,0,,2,0,1,3,0,0,0,0,0,,4.5,4,2,2,2,2,3,10,5,10,2,10,2,2,2,3,3,2,2,3,1,3,1,3,1,1,1,1,1,2,3
0,0,1,0,3,2,0,,3,0,1,0,0,0,0,2,0,,3.5,4,3,2,3,2,3,10,0,50,5,2,2,3,2,3,2,3,3,4,1,1,1,1,1,1,1,1,1,2,3
1,1,3,0,0,2,0,,3,0,1,0,0,0,0,2,0,,4.5,2,1,2,2,3,2,50,10,5,1,5,2,2,2,2,3,2,3,3,1,1,1,1,1,1,1,3,1,2,1
0,1,2,0,0,3,0,,3,0,2,0,0,0,0,1,0,,4,4,4,2,4,2,4,0,0,0,0,5,2,3,3,3,3,4,3,3,1,1,1,1,1,1,1,2,1,2,1
0,0,1,0,0,3,2,I like the ACCURACY of the recommendations.,0,0,1,0,2,3,0,0,0,,5,5,3,2,2,3,3,50,5,15,3,2,2,2,2,2,4,3,3,2,1,1,1,1,1,1,1,1,1,2,1
1,0,1,0,0,2,0,,0,0,1,0,0,0,0,0,0,,4.5,4,2,1,3,2,3,5,1,20,2,5,2,2,2,3,2,2,3,3,1,3,3,3,1,1,1,2,1,2,3
1,1,3,0,0,2,0,,0,0,1,0,0,3,0,2,0,,4,4,1,2,2,1,1,0,0,0,0,0,2,3,2,2,2,2,2,3,1,1,1,1,1,1,1,2,1,2,2
1,1,3,0,2,0,0,,1,0,2,0,3,0,0,0,0,,4,5,4,2,5,3,4,0,0,100,100,10,2,2,2,3,4,3,2,4,1,3,1,3,1,1,1,1,1,2,1
0,1,2,3,0,0,0,,1,0,0,0,0,3,0,2,0,,4,5,1,1,2,1,3,0,0.5,10,0,1,2,3,1,2,2,2,2,4,1,1,1,1,1,1,1,1,1,1,1
0,0,2,0,0,1,0,,2,0,0,3,1,0,0,0,0,,3.5,1,3,4,2,3,3,8,8,0,0,12,2,3,2,2,4,3,2,3,1,3,1,1,3,1,3,2,2,2,2
1,2,1,3,0,0,0,,0,0,2,0,0,3,0,1,0,,4,2,3,2,2,1,2,10,1,10,1,5,2,2,2,4,2,2,3,3,1,1,1,1,1,1,1,1,1,2,2
1,0,1,2,0,0,0,,0,0,0,0,0,0,0,0,0,,,0,0,0,0,0,0,,,,,,0,0,0,0,0,0,0,0,0,0,0,0,0,0,0,0,0,0,0
1,1,2,0,0,3,0,,0,0,1,0,0,3,0,2,0,,4,4,3,3,2,4,2,10,1,10,2,2.5,2,3,2,3,3,2,3,2,1,3,1,3,1,1,3,1,1,2,1
0,3,1,0,0,2,0,,0,3,1,0,0,2,0,0,0,,4,3,2,1,3,1,2,20,2,7,2,2,2,2,1,3,3,2,2,3,1,1,1,1,1,1,1,1,1,2,1
1,0,1,3,0,2,0,,0,0,0,0,1,3,0,2,0,,5,4,1,1,2,1,2,10,2,15,2,4,1,2,2,2,2,2,2,2,1,3,3,1,1,1,1,3,1,2,1
0,3,1,2,0,0,0,,1,0,3,0,0,2,0,0,0,,3.5,3,2,2,4,3,2,0,0,0,0,5,2,3,3,2,2,4,2,3,1,1,1,1,2,1,1,3,1,2,1
1,0,2,0,0,1,3,it helps pick movies with a group,2,0,1,0,3,0,0,0,0,,4.5,4,3,1,3,1,4,15,0,0,0,6,3,3,3,3,3,3,3,3,1,1,1,2,1,1,1,1,1,2,1
1,0,1,0,0,2,0,,0,3,1,0,0,0,0,2,0,,4,4,3,2,2,3,2,0,0,0,0,3,2,3,2,3,3,2,2,3,1,3,1,1,1,1,1,1,1,2,3
1,0,1,0,0,0,0,,0,0,1,0,0,3,0,2,0,,4.5,4,2,2,2,3,3,5,2,10,5,5,3,3,3,3,3,3,3,3,1,1,1,3,1,1,1,1,1,2,1
0,3,0,2,0,1,0,,3,0,1,0,2,0,0,0,0,,4.5,4,1,1,3,2,2,10,0,10,0,5,2,2,2,3,4,2,3,3,1,1,1,3,1,1,1,1,1,2,1
1,3,2,0,0,1,0,,0,0,1,0,0,0,0,0,0,,3.5,0,0,0,0,0,1,,,,,,1,0,0,0,0,0,0,0,1,0,0,0,0,0,0,0,0,0,0
1,1,2,0,0,0,0,,1,0,2,0,0,0,0,0,0,I use Movielens recommendations to me to order films from Netflix,4,2,2,3,3,1,4,0,0,0,0,1,3,3,3,4,3,3,3,3,1,3,1,1,1,3,3,1,1,2,2
1,2,1,3,0,0,0,,3,0,1,0,0,0,0,2,0,,4,4,2,2,3,3,2,0,0,0,0,2,2,3,1,2,2,2,3,2,1,1,1,1,1,1,1,3,1,2,1
